{
  "project_info": {
    "project_number": "903072065317",
    "project_id": "prueba3-de1e0",
    "storage_bucket": "prueba3-de1e0.appspot.com"
  },
  "client": [
    {
      "client_info": {
        "mobilesdk_app_id": "1:903072065317:android:b329c1545a01d3794a9ccc",
        "android_client_info": {
          "package_name": "com.example.warm_eva2"
        }
      },
      "oauth_client": [],
      "api_key": [
        {
          "current_key": "AIzaSyCvwLlbPwGYj4TWrdW9Gk3s-OpEZ6s01h0"
        }
      ],
      "services": {
        "appinvite_service": {
          "other_platform_oauth_client": []
        }
      }
    }
  ],
  "configuration_version": "1"
}